{
  "model_type": "Logistic Regression",
  "timestamp": "20251202_192044",
  "created_at": "2025-12-02T19:20:44.323470",
  "params": {
    "C": 1.0,
    "max_iter": 3300
  },
  "best_f1": 0.9854161729407834,
  "best_accuracy": 0.9854166666666667,
  "final_f1": 0.9849994921676629,
  "final_accuracy": 0.985
}