{
  "model_type": "Logistic Regression",
  "timestamp": "20251202_183313",
  "created_at": "2025-12-02T18:33:13.560320",
  "params": {
    "C": 1.0,
    "max_iter": 400
  },
  "best_f1": 0.9774987382021686,
  "best_accuracy": 0.9775,
  "final_f1": 0.9772904631717627,
  "final_accuracy": 0.9772916666666667
}