{
  "model_type": "Linear SVM",
  "timestamp": "20251202_155109",
  "created_at": "2025-12-02T15:51:09.264380",
  "params": {
    "C": 10.0,
    "max_iter": 3300
  },
  "best_f1": 0.99666677782224,
  "best_accuracy": 0.9966666666666667,
  "final_f1": 0.99666677782224,
  "final_accuracy": 0.9966666666666667
}