{
  "model_type": "Logistic Regression",
  "timestamp": "20251202_155439",
  "created_at": "2025-12-02T15:54:39.111053",
  "params": {
    "C": 10.0,
    "max_iter": 3300
  },
  "best_f1": 0.9958334057027067,
  "best_accuracy": 0.9958333333333333,
  "final_f1": 0.9958334057027067,
  "final_accuracy": 0.9958333333333333
}